First name,Last name,Email,Phone number
Tisa,Lind,mandy@ernser.co,+4916583779253
Malinda,Lind,lance@schuppe.name,+2534116625945
Sammy,Jaskolski,fredric@zboncak-goldner.co,+447698367255
Dudley,Hilll,catrina@hickle-frami.biz,+932464774807
Lakeesha,Anderson,pedro_sauer@koepp.info,+3415444629858
Raina,Simonis,gustavo@block-bahringer.org,+6855321204527
Lonnie,Grimes,lane_kessler@aufderhar.name,+2575662202487
Rosalyn,McLaughlin,victor@boyer-senger.org,+26213011378631
Arthur,Connelly,max@marquardt-larson.biz,+3755221545138
Lazaro,Thompson,jay@windler.name,+4417952244264
Ted,Paucek,merlin.schinner@cronin.info,+9625648390156
Austin,Lebsack,tenesha_homenick@hand.io,+59312068142136
Khadijah,Homenick,von_rolfson@schneider.co,+2285835846846
Aurora,Osinski,lani@williamson-kreiger.name,+21217300958818
Tobias,Schimmel,denver_okeefe@kutch.org,+3753209065817
Merlyn,Funk,clint@grimes.com,+2572395596632
